tier,Bets,Wins,Net_USD,Losses,Win%,ROI
Green,2501,1188,-12343.88,1313,0.47501,-0.049356
Red,31,18,341.88,13,0.580645,0.110284
Yellow,51,25,-330.65,26,0.490196,-0.064833
